EAR,Blink Rate,Gaze Direction,Head Angle,Posture,Emotion,Screen Time,Distraction Count,Focus Level,Prediction
0.2139,0.0,Away,19.8,Slouch,Sad,2,0,0,Distracted
0.2258,5.92,Away,19.86,Slouch,Happy,9,1,0,Distracted
0.2368,5.73,Away,19.84,Slouch,Neutral,9,1,0,Distracted
0.2333,5.55,Away,19.81,Slouch,Neutral,9,1,0,Distracted
0.2366,5.38,Away,19.81,Slouch,Sad,10,1,0,Distracted
0.2607,9.62,Away,4.34,Straight,Happy,11,1,18,Distracted
0.2081,9.37,Away,5.0,Straight,Sad,11,1,16,Distracted
0.2222,9.13,Away,6.41,Straight,Focused,12,1,17,Distracted
0.2944,8.9,Away,6.74,Straight,Sad,12,1,17,Distracted
0.3152,8.68,Away,6.88,Straight,Sad,12,1,20,Distracted
0.3171,8.48,Away,6.96,Straight,Sad,13,1,19,Distracted
0.3106,8.28,Away,6.97,Straight,Sad,13,1,15,Distracted
0.3179,8.11,Away,7.03,Straight,Focused,13,1,18,Distracted
0.3221,7.93,Away,6.84,Straight,Neutral,14,1,20,Distracted
0.0677,7.76,Away,6.93,Straight,Neutral,14,1,14,Distracted
0.2663,11.39,Away,8.17,Straight,Focused,14,1,17,Distracted
0.3036,11.14,Away,8.4,Straight,Neutral,15,1,21,Distracted
0.3009,10.91,Away,9.46,Straight,Focused,15,1,20,Distracted
0.2465,10.71,Away,12.6,Slouch,Focused,15,1,18,Distracted
0.2385,10.51,Away,13.45,Slouch,Neutral,16,1,0,Distracted
0.2984,10.31,Away,11.46,Straight,Sad,16,1,21,Distracted
0.1784,10.11,Away,10.77,Straight,Neutral,16,1,7,Distracted
0.2774,13.23,Away,10.04,Straight,Neutral,17,1,19,Distracted
0.2681,12.32,Away,1.34,Straight,Sad,18,1,19,Distracted
0.2783,12.11,Away,1.33,Straight,Neutral,18,1,19,Distracted
0.294,11.89,Away,0.48,Straight,Neutral,19,1,19,Distracted
0.276,11.73,Away,4.03,Straight,Focused,19,1,21,Distracted
0.3009,11.53,Away,4.05,Straight,Focused,19,1,22,Distracted
0.2905,11.0,Away,-0.11,Straight,Happy,20,1,22,Distracted
0.2657,10.83,Away,-0.97,Straight,Happy,21,1,17,Distracted
0.2804,10.67,Screen,-1.06,Straight,Sad,21,1,28,Focused
0.2709,10.53,Screen,-0.37,Straight,Neutral,21,1,94,Focused
0.2766,10.38,Screen,-0.08,Straight,Sad,22,1,94,Focused
0.2572,10.23,Screen,-0.31,Straight,Neutral,22,1,94,Focused
0.2634,10.08,Away,-0.14,Straight,Sad,22,1,61,Distracted
0.2591,9.94,Away,-0.74,Straight,Sad,23,1,16,Distracted
0.27,9.81,Away,-0.96,Straight,Happy,23,1,20,Distracted
0.2429,9.68,Away,-0.61,Straight,Happy,23,1,18,Distracted
0.2461,9.54,Away,-0.2,Straight,Happy,24,1,18,Distracted
0.2547,9.43,Away,0.94,Straight,Happy,24,1,19,Distracted
0.2597,9.3,Away,0.87,Straight,Sad,24,2,19,Distracted
0.2723,9.18,Away,-0.04,Straight,Focused,25,2,21,Distracted
0.2712,9.07,Away,0.06,Straight,Sad,25,2,17,Distracted
0.2834,8.95,Away,0.14,Straight,Neutral,25,2,21,Distracted
0.2859,8.84,Away,-1.0,Straight,Sad,26,2,16,Distracted
0.2996,8.73,Screen,-1.42,Straight,Neutral,26,2,32,Focused
0.2562,10.79,Screen,-2.01,Straight,Focused,26,2,90,Focused
0.2668,10.66,Screen,-2.85,Straight,Sad,27,2,90,Focused
0.2609,10.53,Screen,-1.8,Straight,Focused,27,2,97,Focused
0.3364,12.5,Screen,3.23,Straight,Happy,27,2,92,Focused
0.2578,12.36,Screen,-0.58,Straight,Happy,28,2,90,Focused
0.2715,12.21,Screen,-1.61,Straight,Happy,28,2,96,Focused
0.2815,12.07,Screen,-2.07,Straight,Focused,28,2,93,Focused
0.2846,11.94,Screen,-2.49,Straight,Focused,29,2,96,Focused
0.2581,11.8,Away,-3.27,Straight,Happy,29,2,21,Distracted
0.2625,11.69,Away,-3.42,Straight,Sad,29,2,19,Distracted
0.268,11.56,Away,-3.17,Straight,Neutral,30,2,21,Distracted
0.257,11.44,Away,-3.15,Straight,Neutral,30,2,22,Distracted
0.25,11.32,Away,-3.16,Straight,Focused,30,2,23,Distracted
0.2482,11.2,Away,-3.45,Straight,Happy,31,2,19,Distracted
0.2678,11.09,Away,-5.58,Straight,Happy,31,3,17,Distracted
0.2695,10.97,Away,-7.28,Straight,Focused,31,3,18,Distracted
0.2704,10.86,Away,-7.64,Straight,Happy,32,3,18,Distracted
0.2721,10.75,Away,-6.74,Straight,Happy,32,3,18,Distracted
0.2543,10.65,Away,-5.48,Straight,Sad,32,3,20,Distracted
0.2706,10.55,Away,-5.84,Straight,Sad,33,3,16,Distracted
0.283,10.44,Away,-4.99,Straight,Focused,33,3,24,Distracted
0.288,10.34,Away,-4.8,Straight,Neutral,33,3,18,Distracted
0.275,10.24,Away,-6.18,Straight,Neutral,34,3,19,Distracted
0.2866,10.15,Away,-8.36,Straight,Sad,34,3,16,Distracted
0.2682,10.05,Away,-8.9,Straight,Neutral,34,3,20,Distracted
0.2689,9.96,Away,-8.41,Straight,Happy,35,3,23,Distracted
0.2586,9.86,Away,-8.03,Straight,Happy,35,3,18,Distracted
0.128,9.78,Away,-7.13,Straight,Focused,35,3,16,Distracted
0.2353,11.31,Away,-4.39,Straight,Happy,36,3,18,Distracted
0.2757,12.81,Away,-2.4,Straight,Focused,36,3,17,Distracted
0.3608,12.7,Screen,-0.76,Straight,Neutral,36,3,68,Focused
0.2593,14.15,Screen,-1.6,Straight,Focused,37,3,87,Focused
0.2718,14.03,Away,-2.69,Straight,Focused,37,3,21,Distracted
0.2643,13.92,Away,-2.69,Straight,Sad,37,3,17,Distracted
0.2503,13.8,Away,-2.81,Straight,Happy,38,3,22,Distracted
0.2649,13.68,Away,-2.86,Straight,Focused,38,3,21,Distracted
0.2749,13.57,Away,-2.95,Straight,Focused,38,3,23,Distracted
0.277,13.45,Away,-3.21,Straight,Sad,39,3,16,Distracted
0.2824,13.34,Away,-2.8,Straight,Sad,39,4,18,Distracted
0.3218,13.23,Away,-4.0,Straight,Neutral,39,4,18,Distracted
0.2106,13.12,Away,-3.82,Straight,Happy,40,4,21,Distracted
0.2507,13.02,Away,-3.4,Straight,Happy,40,4,21,Distracted
0.2607,12.91,Screen,-2.79,Straight,Sad,40,4,94,Focused
0.2796,12.81,Screen,-2.29,Straight,Happy,41,4,99,Focused
0.2692,12.72,Screen,-3.25,Straight,Happy,41,4,94,Focused
0.2824,12.61,Screen,-3.3,Straight,Focused,41,4,92,Focused
0.2787,12.52,Screen,-2.81,Straight,Neutral,42,4,94,Focused
0.2792,12.42,Screen,-2.54,Straight,Focused,42,4,96,Focused
0.2963,12.32,Screen,-2.1,Straight,Neutral,42,4,98,Focused
0.2895,12.23,Screen,-2.03,Straight,Focused,43,4,95,Focused
0.2948,12.07,Screen,-2.25,Straight,Sad,43,4,93,Focused
0.2724,11.86,Screen,-1.72,Straight,Happy,44,4,91,Focused
0.245,11.66,Screen,-1.88,Straight,Focused,45,4,99,Focused
0.2473,11.47,Screen,-1.25,Straight,Focused,46,4,90,Focused
0.2426,11.28,Screen,-1.92,Straight,Neutral,46,4,65,Focused
0.25,11.09,Screen,-1.65,Straight,Happy,47,4,94,Focused
0.2455,10.92,Screen,-2.28,Straight,Focused,48,4,92,Focused
0.2497,10.77,Screen,-2.52,Straight,Happy,49,4,96,Focused
0.2474,10.67,Away,-3.37,Straight,Sad,49,4,16,Distracted
0.2589,10.57,Away,-2.97,Straight,Happy,50,4,18,Distracted
0.2521,10.48,Away,-2.73,Straight,Sad,50,4,20,Distracted
0.2415,10.41,Away,-3.08,Straight,Focused,50,4,19,Distracted
0.2515,10.35,Away,-3.43,Straight,Sad,51,4,15,Distracted
0.2678,10.28,Away,-3.6,Straight,Sad,51,5,13,Distracted
0.2903,10.22,Screen,-3.33,Straight,Focused,51,5,64,Focused
0.2756,10.16,Screen,-2.44,Straight,Neutral,52,5,97,Focused
0.2832,10.09,Away,-2.29,Straight,Happy,52,5,21,Distracted
0.3046,10.03,Away,-2.18,Straight,Focused,52,5,21,Distracted
0.3116,9.97,Away,-2.3,Straight,Sad,53,5,19,Distracted
0.3018,9.91,Screen,-2.61,Straight,Focused,53,5,98,Focused
0.2811,9.8,Screen,-2.77,Straight,Neutral,54,5,94,Focused
0.2715,9.66,Screen,-1.88,Straight,Focused,54,5,94,Focused
0.2708,9.52,Screen,-2.34,Straight,Focused,55,5,98,Focused
0.2752,9.39,Screen,-2.97,Straight,Neutral,56,5,98,Focused
0.2811,9.27,Screen,-2.86,Straight,Neutral,57,5,94,Focused
0.2651,9.14,Screen,-2.19,Straight,Neutral,58,5,93,Focused
0.2656,9.02,Screen,-2.14,Straight,Happy,58,5,97,Focused
0.2633,8.94,Screen,-1.99,Straight,Focused,59,5,98,Focused
0.258,8.89,Screen,-1.94,Straight,Focused,59,5,95,Focused
0.1608,8.84,Screen,-0.87,Straight,Sad,60,5,87,Distracted
0.2449,9.77,Screen,0.65,Straight,Neutral,60,5,95,Focused
0.2696,9.72,Away,-0.07,Straight,Happy,60,5,34,Distracted
0.2675,9.67,Away,-0.97,Straight,Focused,61,5,20,Distracted
0.2517,9.62,Away,0.27,Straight,Focused,61,5,23,Distracted
0.2708,9.57,Away,0.58,Straight,Sad,61,5,19,Distracted
0.3023,9.52,Screen,0.79,Straight,Focused,62,5,96,Focused
0.3005,9.47,Away,0.57,Straight,Happy,62,5,81,Distracted
0.2953,9.42,Away,0.49,Straight,Sad,62,5,17,Distracted
0.3057,9.37,Screen,0.38,Straight,Neutral,63,5,38,Focused
0.2838,9.32,Screen,-0.3,Straight,Sad,63,5,88,Focused
0.276,9.27,Screen,-0.58,Straight,Sad,63,5,91,Focused
0.2504,9.23,Away,-1.83,Straight,Sad,64,5,30,Distracted
0.2479,9.18,Away,-2.05,Straight,Happy,64,5,18,Distracted
0.24,9.13,Away,-2.24,Straight,Neutral,64,5,20,Distracted
0.2734,9.08,Away,-3.37,Straight,Sad,65,5,16,Distracted
0.2707,9.04,Away,-3.74,Straight,Focused,65,5,23,Distracted
0.2561,9.0,Away,-3.54,Straight,Happy,65,5,17,Distracted
0.2692,8.95,Away,-3.26,Straight,Neutral,66,6,23,Distracted
0.2624,8.91,Away,-2.62,Straight,Happy,66,6,19,Distracted
0.2551,8.86,Away,-1.6,Straight,Focused,66,6,18,Distracted
0.2617,8.82,Away,-0.27,Straight,Sad,67,6,17,Distracted
0.258,8.77,Screen,-0.19,Straight,Focused,67,6,92,Focused
0.3191,8.73,Screen,0.38,Straight,Focused,67,6,94,Focused
0.3112,8.69,Screen,0.26,Straight,Happy,68,6,97,Focused
0.3018,8.65,Screen,0.57,Straight,Happy,68,6,92,Focused
0.3333,8.61,Screen,1.07,Straight,Focused,68,6,98,Focused
0.2744,8.57,Screen,-0.04,Straight,Happy,69,6,97,Focused
0.2647,8.53,Screen,-1.59,Straight,Neutral,69,6,96,Focused
0.288,8.49,Screen,-2.37,Straight,Focused,69,6,94,Focused
0.2225,8.44,Screen,-2.96,Straight,Sad,70,6,89,Focused
0.17,8.41,Away,-9.81,Straight,Happy,70,6,57,Distracted
0.297,9.12,Away,4.92,Straight,Happy,71,6,22,Distracted
0.2573,9.08,Screen,4.16,Straight,Happy,71,6,46,Focused
0.3101,9.04,Screen,4.39,Straight,Focused,72,6,67,Focused
0.3384,9.0,Screen,4.31,Straight,Neutral,72,6,94,Focused
0.3176,8.95,Screen,3.46,Straight,Neutral,72,6,96,Focused
0.3212,8.91,Screen,2.99,Straight,Happy,73,6,96,Focused
0.3024,8.87,Screen,4.89,Straight,Focused,73,6,95,Focused
0.2836,8.8,Screen,6.81,Straight,Sad,74,6,63,Focused
0.3113,8.76,Screen,5.42,Straight,Focused,74,6,92,Focused
0.3192,8.72,Screen,5.42,Straight,Happy,74,6,94,Focused
0.2922,8.68,Screen,3.84,Straight,Happy,75,6,93,Focused
0.2757,8.64,Screen,3.89,Straight,Focused,75,6,96,Focused
0.29,8.6,Screen,3.05,Straight,Neutral,75,6,89,Focused
0.2559,8.57,Screen,3.63,Straight,Neutral,76,6,95,Focused
0.3263,8.53,Screen,0.95,Straight,Happy,76,6,93,Focused
0.3733,8.49,Screen,0.85,Straight,Neutral,76,6,97,Focused
0.3877,8.46,Screen,0.96,Straight,Focused,77,6,94,Focused
0.3869,8.42,Screen,0.89,Straight,Happy,77,6,94,Focused
0.417,8.39,Screen,1.02,Straight,Happy,77,6,95,Focused
0.3288,8.35,Screen,0.74,Straight,Neutral,78,6,87,Focused
0.2147,9.07,Screen,3.53,Straight,Happy,78,6,83,Focused
0.4003,9.03,Screen,-1.31,Straight,Neutral,78,6,92,Focused
0.3587,9.0,Screen,0.93,Straight,Sad,79,6,94,Focused
0.344,8.96,Screen,1.12,Straight,Happy,79,6,96,Focused
0.341,8.92,Screen,1.23,Straight,Neutral,79,6,90,Focused
0.3911,8.89,Screen,0.78,Straight,Happy,80,6,95,Focused
0.3795,8.85,Screen,0.78,Straight,Happy,80,6,93,Focused
0.3432,8.81,Screen,-2.17,Straight,Neutral,80,6,96,Focused
0.2468,8.78,Screen,2.54,Straight,Sad,81,6,92,Focused
0.3427,8.67,Screen,1.57,Straight,Neutral,82,6,95,Focused
0.3351,8.63,Screen,2.74,Straight,Happy,82,6,93,Focused
0.3596,8.6,Screen,2.61,Straight,Neutral,82,6,96,Focused
0.345,8.57,Screen,2.49,Straight,Focused,83,6,94,Focused
0.3451,8.53,Screen,2.39,Straight,Sad,83,6,91,Focused
0.3639,8.5,Screen,1.5,Straight,Happy,83,6,92,Focused
0.4332,8.47,Screen,-3.44,Straight,Sad,84,6,91,Focused
0.3374,8.24,Screen,-1.1,Straight,Sad,86,6,91,Focused
0.3058,8.21,Screen,1.66,Straight,Happy,86,6,99,Focused
0.3108,8.18,Screen,2.78,Straight,Focused,87,6,90,Focused
0.3653,8.15,Screen,7.4,Straight,Happy,87,6,94,Focused
0.3896,8.12,Screen,7.48,Straight,Focused,87,6,36,Focused
0.3237,8.09,Screen,4.47,Straight,Sad,88,6,93,Focused
0.2955,8.06,Screen,5.62,Straight,Sad,88,6,88,Focused
0.2603,8.03,Screen,6.86,Straight,Sad,88,6,91,Focused
0.3379,8.0,Away,9.16,Straight,Happy,89,6,36,Distracted
0.3246,7.97,Away,8.98,Straight,Focused,89,6,24,Distracted
0.3598,7.94,Away,9.06,Straight,Neutral,89,6,20,Distracted
0.1892,7.91,Away,7.66,Straight,Sad,90,6,41,Distracted
0.2193,8.54,Screen,7.18,Straight,Neutral,90,6,33,Focused
0.2212,8.5,Away,7.39,Straight,Happy,90,6,78,Distracted
0.2138,8.48,Away,7.61,Straight,Neutral,91,6,21,Distracted
0.3129,8.45,Away,8.91,Straight,Happy,91,6,22,Distracted
0.1407,8.41,Screen,6.55,Straight,Sad,91,6,45,Distracted
0.2842,9.03,Screen,1.66,Straight,Sad,92,6,93,Focused
0.242,8.99,Screen,0.16,Straight,Happy,92,6,95,Focused
0.2998,8.96,Screen,-0.1,Straight,Sad,92,6,88,Focused
0.2884,8.93,Screen,2.24,Straight,Neutral,93,6,95,Focused
0.2872,8.9,Screen,2.76,Straight,Focused,93,6,94,Focused
0.1756,8.87,Screen,-1.86,Straight,Focused,93,6,72,Distracted
0.3878,9.31,Screen,-5.11,Straight,Neutral,95,6,94,Focused
0.312,9.28,Screen,-0.27,Straight,Happy,96,6,91,Focused
0.3218,9.24,Screen,0.07,Straight,Focused,96,6,92,Focused
0.2965,9.21,Screen,1.75,Straight,Sad,96,6,89,Focused
0.4241,9.18,Screen,3.29,Straight,Sad,97,6,94,Focused
0.4204,9.15,Screen,3.22,Straight,Happy,97,6,93,Focused
0.396,9.12,Away,3.61,Straight,Neutral,97,6,18,Distracted
0.3209,9.09,Away,1.75,Straight,Neutral,98,6,23,Distracted
0.3186,9.06,Away,1.34,Straight,Neutral,98,6,19,Distracted
0.3092,9.03,Away,0.5,Straight,Neutral,98,6,21,Distracted
0.3274,9.0,Away,0.42,Straight,Happy,99,6,19,Distracted
0.351,8.97,Away,0.4,Straight,Happy,99,6,20,Distracted
0.3687,8.94,Screen,1.03,Straight,Neutral,99,7,97,Focused
0.3432,8.91,Screen,2.5,Straight,Sad,100,7,91,Focused
0.3158,8.88,Screen,2.46,Straight,Sad,100,7,95,Focused
0.2995,8.85,Screen,2.94,Straight,Focused,100,7,96,Focused
0.302,9.41,Away,9.3,Straight,Neutral,101,7,68,Distracted
0.2576,9.38,Screen,4.88,Straight,Happy,101,7,94,Focused
0.2815,9.35,Screen,3.91,Straight,Happy,101,7,99,Focused
0.2997,9.32,Screen,3.83,Straight,Sad,102,7,94,Focused
0.2846,9.29,Screen,3.97,Straight,Neutral,102,7,91,Focused
0.3013,9.26,Away,10.55,Straight,Happy,102,7,62,Distracted
0.2725,9.17,Away,10.87,Straight,Happy,103,7,23,Distracted
0.2703,9.14,Screen,6.11,Straight,Sad,104,7,94,Focused
0.2712,9.11,Screen,2.9,Straight,Happy,104,7,92,Focused
0.2863,9.08,Screen,2.6,Straight,Happy,104,7,95,Focused
0.3221,9.05,Screen,3.09,Straight,Sad,105,7,94,Focused
0.4297,9.02,Away,7.39,Straight,Happy,105,7,20,Distracted
0.4385,9.0,Away,6.99,Straight,Focused,105,7,23,Distracted
0.3451,8.97,Away,9.48,Straight,Sad,106,7,19,Distracted
0.2622,8.83,Away,11.85,Straight,Focused,107,8,23,Distracted
0.2136,8.8,Away,9.76,Straight,Focused,108,8,21,Distracted
0.3048,8.78,Screen,2.85,Straight,Happy,108,8,99,Focused
0.3363,8.75,Screen,1.64,Straight,Neutral,108,8,94,Focused
0.3157,8.72,Screen,1.63,Straight,Focused,109,8,90,Focused
0.3045,8.7,Screen,1.91,Straight,Focused,109,8,95,Focused
0.2999,8.67,Screen,1.88,Straight,Neutral,109,8,93,Focused
0.3047,8.65,Screen,1.82,Straight,Sad,110,8,90,Focused
0.3072,8.62,Screen,1.55,Straight,Neutral,110,8,90,Focused
0.3151,8.59,Screen,1.57,Straight,Focused,110,8,99,Focused
0.3076,8.57,Screen,1.7,Straight,Sad,111,8,88,Focused
0.3091,8.54,Screen,1.45,Straight,Sad,111,8,92,Focused
0.3143,8.52,Screen,1.63,Straight,Sad,111,8,92,Focused
0.3308,8.49,Screen,1.3,Straight,Focused,112,8,93,Focused
0.3147,8.47,Screen,1.23,Straight,Neutral,112,8,94,Focused
0.312,8.44,Screen,1.01,Straight,Focused,112,8,96,Focused
0.2791,8.42,Screen,1.39,Straight,Happy,113,8,96,Focused
0.2293,8.39,Away,13.32,Slouch,Focused,113,8,11,Distracted
0.3046,8.37,Away,16.5,Slouch,Neutral,113,8,0,Distracted
0.2872,8.34,Away,19.16,Slouch,Sad,114,8,0,Distracted
0.2906,8.84,Away,26.51,Slouch,Neutral,114,8,0,Distracted
0.2951,8.81,Away,27.41,Slouch,Neutral,114,8,0,Distracted
0.2742,8.79,Away,27.72,Slouch,Focused,115,8,0,Distracted
0.3234,8.77,Away,27.09,Slouch,Focused,115,9,0,Distracted
